<?xml version="1.0"?>
<doc>
    <assembly>
        <name>MadMilkman.Docx</name>
    </assembly>
    <members>
        <member name="T:MadMilkman.Docx.DocxContentBuilder">
            <summary>
            Builds the content for a part of a document.
            </summary>
        </member>
        <member name="M:MadMilkman.Docx.DocxContentBuilder.AppendText(System.String,MadMilkman.Docx.ContentType)">
            <summary>
            Adds text content to document.
            </summary>
            <param name="content">Text content to add to document.</param>
            <param name="contentType">Type of the text content.</param>
            <returns>A reference to this instance after the append operation has completed.</returns>
        </member>
        <member name="M:MadMilkman.Docx.DocxContentBuilder.AppendFile(System.String,MadMilkman.Docx.ContentType)">
            <summary>
            Adds file's content to document.
            </summary>
            <param name="filePath">Path from which to read a file.</param>
            <param name="contentType">Type of the file's content.</param>
            <returns>A reference to this instance after the append operation has completed.</returns>
        </member>
        <member name="M:MadMilkman.Docx.DocxContentBuilder.AppendFile(System.IO.Stream,MadMilkman.Docx.ContentType)">
            <summary>
            Adds file's content to document.
            </summary>
            <param name="fileStream">Stream with which to read a file.</param>
            <param name="contentType">Type of the file's content.</param>
            <returns>A reference to this instance after the append operation has completed.</returns>
        </member>
        <member name="M:MadMilkman.Docx.DocxContentBuilder.Clear">
            <summary>
            Removes all content from the current <see cref="T:MadMilkman.Docx.DocxContentBuilder"/> instance.
            </summary>
        </member>
        <member name="T:MadMilkman.Docx.ContentType">
            <summary>
            Represents the type of the document's content.
            </summary>
        </member>
        <member name="F:MadMilkman.Docx.ContentType.Html">
            <summary>
            Defines HTML formatted content.
            </summary>
        </member>
        <member name="F:MadMilkman.Docx.ContentType.Rtf">
            <summary>
            Defines RTF formatted content.
            </summary>
        </member>
        <member name="T:MadMilkman.Docx.DocxFile">
            <summary>
            <para>In-memory representation of a DOCX file.</para>
            <para>Use <see cref="P:MadMilkman.Docx.DocxFile.Body"/>, <see cref="P:MadMilkman.Docx.DocxFile.Header"/> and <see cref="P:MadMilkman.Docx.DocxFile.Footer"/> properties to fill out the content of the required document's part.</para>
            </summary>
        </member>
        <member name="M:MadMilkman.Docx.DocxFile.#ctor">
            <summary>
            Initializes a new instance of <see cref="T:MadMilkman.Docx.DocxFile"/> class.
            </summary>
        </member>
        <member name="M:MadMilkman.Docx.DocxFile.Save(System.String)">
            <summary>
            Saves a file to a path.
            </summary>
            <param name="filePath">Path to which to save a file.</param>
        </member>
        <member name="M:MadMilkman.Docx.DocxFile.Save(System.IO.Stream)">
            <summary>
            Saves a file to a stream.
            </summary>
            <param name="fileStream">Stream to which to save a file.</param>
        </member>
        <member name="P:MadMilkman.Docx.DocxFile.Body">
            <summary>
            Gets document's main content builder.
            </summary>
        </member>
        <member name="P:MadMilkman.Docx.DocxFile.Header">
            <summary>
            Gets document's header content builder.
            </summary>
        </member>
        <member name="P:MadMilkman.Docx.DocxFile.Footer">
            <summary>
            Gets document's footer content builder.
            </summary>
        </member>
        <member name="T:MadMilkman.Docx.Properties.Resources">
            <summary>
              A strongly-typed resource class, for looking up localized strings, etc.
            </summary>
        </member>
        <member name="P:MadMilkman.Docx.Properties.Resources.ResourceManager">
            <summary>
              Returns the cached ResourceManager instance used by this class.
            </summary>
        </member>
        <member name="P:MadMilkman.Docx.Properties.Resources.Culture">
            <summary>
              Overrides the current thread's CurrentUICulture property for all
              resource lookups using this strongly typed resource class.
            </summary>
        </member>
        <member name="P:MadMilkman.Docx.Properties.Resources.AltChunkRelationshipType">
            <summary>
              Looks up a localized string similar to http://schemas.openxmlformats.org/officeDocument/2006/relationships/aFChunk.
            </summary>
        </member>
        <member name="P:MadMilkman.Docx.Properties.Resources.DocumentContentType">
            <summary>
              Looks up a localized string similar to application/vnd.openxmlformats-officedocument.wordprocessingml.document.main+xml.
            </summary>
        </member>
        <member name="P:MadMilkman.Docx.Properties.Resources.DocumentRelationshipType">
            <summary>
              Looks up a localized string similar to http://schemas.openxmlformats.org/officeDocument/2006/relationships/officeDocument.
            </summary>
        </member>
        <member name="P:MadMilkman.Docx.Properties.Resources.FooterContentType">
            <summary>
              Looks up a localized string similar to application/vnd.openxmlformats-officedocument.wordprocessingml.footer+xml.
            </summary>
        </member>
        <member name="P:MadMilkman.Docx.Properties.Resources.FooterRelationshipType">
            <summary>
              Looks up a localized string similar to http://schemas.openxmlformats.org/officeDocument/2006/relationships/footer.
            </summary>
        </member>
        <member name="P:MadMilkman.Docx.Properties.Resources.HeaderContentType">
            <summary>
              Looks up a localized string similar to application/vnd.openxmlformats-officedocument.wordprocessingml.header+xml.
            </summary>
        </member>
        <member name="P:MadMilkman.Docx.Properties.Resources.HeaderRelationshipType">
            <summary>
              Looks up a localized string similar to http://schemas.openxmlformats.org/officeDocument/2006/relationships/header.
            </summary>
        </member>
        <member name="P:MadMilkman.Docx.Properties.Resources.HtmlContentType">
            <summary>
              Looks up a localized string similar to text/html.
            </summary>
        </member>
        <member name="P:MadMilkman.Docx.Properties.Resources.MainNamespace">
            <summary>
              Looks up a localized string similar to http://schemas.openxmlformats.org/wordprocessingml/2006/main.
            </summary>
        </member>
        <member name="P:MadMilkman.Docx.Properties.Resources.RelationshipsNamespace">
            <summary>
              Looks up a localized string similar to http://schemas.openxmlformats.org/officeDocument/2006/relationships.
            </summary>
        </member>
        <member name="P:MadMilkman.Docx.Properties.Resources.RtfContentType">
            <summary>
              Looks up a localized string similar to application/rtf.
            </summary>
        </member>
        <member name="P:MadMilkman.Docx.Properties.Resources.XmlContentType">
            <summary>
              Looks up a localized string similar to application/xml.
            </summary>
        </member>
    </members>
</doc>
